b'\xa4o3{\xbf\xd2\xd5\xee\x05\xc6\xb31\xd9\xbf\xab,\xda\x9b\xe1<}\x06\x05\xac\x889\x10\xed\x8c\x1f\xa1\x87\x92\x05\x14\xe6\xc2\x182Xh\xef\xf4\xd0\x98\xfd\x16W\xd8,\xfe\xfcy\x1awS\x04]\xec>t]\xee\x81\x93*\x87A\x1b\xc0d\x83\x87\xba\x10\x8b\xf5 \xab\xb6\xdd\x9ayX\xa2\x05}\x96\x12\xff\x91Mm\x83\x9e'
b'\xa4o3{\xbf\xd2\xd5\xee\x05\xc6\xb31\xd9\xbf\xab,\xda\x9b\xe1<}\x06\x00\xa1p\xa5W\x8anV;\x10\xb4\xfeu\xc0-\x84\xed\x19\xda"\xe8\xcb\x81\xf1\xeaV\x9c\x04\xc5J\xc1@\xca\xba\xfbea\xa9\x138C\xe5:&qM\xbeu\xa1\xe9\xa9\x1c\xab\xf6\xcc\x8a\xc1\xb4\xb8\xd4\xa7\xa4\xbd\x83\xce\x82\x02\x11w\x1dD?'
b"\xa4o3{\xbf\xd2\xd5\xee\x05\xc6\xb31\xd9\xbf\xab,\xda\x9b\xe1<}\x05\x06\xad?\xc8\xb7 b\x88L\x03\x96<\x17]\x1e6\x11\x80\xdf{\x0c\x12\x1f2'\x12d\x1b~2+\xdb\x11N\x9b\n`\x19q\x05\xe0\xe0\t\xf6\x07\xeb7\xbeq\x9d\xab\x8bz\xa0\xbee\xff %\x0f\xce\xda\x9a8^\x8fk\x01\n<\xd4{"
b'\xa4o3{\xbf\xd2\xd5\xee\x05\xc6\xb31\xd9\xbf\xab,\xda\x9b\xe1<}\x05\x02\xaa\x00\x19\x15pa2\xa8\x8a\xb8\xec\x03\xfa\x9bqf$\xd8\x87\xc9\xc8\xff(\xd0\x85)]j\xba\xdd\x95\xfd*\x0b%\xa5\x1f\xd0\x92\xd2\xdf\x99\xa2\r,T\xf2B[YVM\xd6a\xf5\xd9\xf9-\x88\ni`\xe9\x0b(\xe1^\x98\xa5\xfb\x80'
b'\xa4o3{\xbf\xd2\xd5\xee\x05\xc6\xb31\xd9\xbf\xab,\xda\x9b\xe1<}\x05\x0e\xaf:\xf0\xb4\xb8C\x1aRl\r\x82 \xcdO+\x11\x0c\x9eT\xf1q\xc20\xcck\xcd\xab\xbb\x1f\x81\x10%\xc8aE\x13\x11$\xe5\xf0\x10\xa7\xe6\xcc\xaa\xb2Pm\xd3\xa4\xf8Asff%s]\xcd[\x9c\x13\xab\xb1\xdd_\xbau\xfb\xfbd'
b"\xa4o3{\xbf\xd2\xd5\xee\x05\xc6\xb31\xd9\xbf\xab,\xda\x9b\xe1<}\x04\x04\xa0\x8e:\x7f\xde\xd5\xf7\xeax\xfd\x90e=Y\x98Sb\x894\xa9\xcbn\xb2\xb5\xfd\xa17p\xe2\xf5\xd2T8Qq\xd7R\xe1\xeb\x16\xf7\x19q1yj\xf2\xb5q'\xdfh%90:K\x9ba\xd15fK\xf1\xde\x90\xf5(\x8fs\xe9"
b'\xa4o3{\xbf\xd2\xd5\xee\x05\xc6\xb31\xd9\xbf\xab,\xda\x9b\xe1<}\x04\x00\xa1\xca7c\xber`\x9c\xe2\xa0?\xd1\xe4\xe7\xe5\x1f\xd38M\x0b\xe8O[|\xfcPp\x9bu\x17:\x8d\xb5\xf1*9\xf7C\\\xb4\x03\xd7\xf0\xe5\xa2\xc0\xef\x8c_\x94\x85\xf4tk\x96\xf9\xef\xd0\xbe\x17#d\xc4a\xe0\x84\\w~\x04t'
b'\xa4o3{\xbf\xd2\xd5\xee\x05\xc6\xb31\xd9\xbf\xab,\xda\x9b\xe1<}\x03\x04\xad\xdd\xef\x06\xc6\xd4\x81x\xd6rI\xd5\xb0\x98\x9f\xd4\xea\xdcO\xc1\x08\xcf\xc8\xc0\xa3\xae\xd5b<\x93}{\x18\xb2\xe6\xed\xf1\xe5De(\xb8X)6u\xf2{\xea\xb2\xfc\xd4Na\x99|.>\xcf\xedL\x14\xb1\x84\xd2\x17w\x9dX\xf6\xdf'
b'\xa4o3{\xbf\xd2\xd5\xee\x05\xc6\xb31\xd9\xbf\xab,\xda\x9b\xe1<}\x03\x0e\xae\xeekt\x11\x8d\xf1\x89C/\xa9-z\xc2\xed\xe5u\xa3\x03G\x8e\xea\xfb\xc5%8\xa6}T\x0e\x06\xd9\xcej\x9b\x04\xe4\t\xdf\xa9\xe4\xc6\xa4\x9d_\xd4n\xe2\x9a5\xa1\x7fs\xcb\xc6Sc\x81\x1e\x94\xb2\x88\x89\x80\x85\xee\xab\xae\x1bLQ'
b'\xa4o3{\xbf\xd2\xd5\xee\x05\xc6\xb31\xd9\xbf\xab,\xda\x9b\xe1<}\x02\x02\xac\\\xd6\x05\xff\xd0\x97\x17\x87\xea\xc5\x08\x97\x08\x00\xaeq\xa4\x82c\xca\x1bA\xf1\x9fy\x17\x95\xd2l\rs}\x8cw\x03b\x0b\x94\xa5\xd5T\x18\xd6Au\xee\xdc\x057\xe6\xac\xb67\xfa\xd2\x80DH\x11U\x87\x1a\xca0\xd8\xa5\xadP\xd6\x14'
b"\xa4o3{\xbf\xd2\xd5\xee\x05\xc6\xb31\xd9\xbf\xab,\xda\x9b\xe1<}\x01\x05\xac\x94\xdc\xcfO\xf2\xab\xfa\xaa\x86\x16\xba\xd5\n\xb4\x98p\xb3'\xa9\x81\x1aL\x0e!\x84\xe2\xf3b\x07\x1c\xb7l\r N\xb8\xd5\xad\xd2\x90\x98\xbd\xe8\nZ\xcf\xbeVE\x07\xc6,1h\xba\xea\x95\xf3\x08?\x9b@\x80!\x9e3D\xe1\xd48"
b'\xa4o3{\xbf\xd2\xd5\xee\x05\xc6\xb31\xd9\xbf\xab,\xda\x9b\xe1<}\x01\x01\xa0\x1b\x8dX\xe5\x97\xf9\xe7\xcf\xf1\x1b6\xa7\xbf\xf5d^t\xc5Dm\x01\xa8\x9f\x1ak\xec\x91\\\x1f\x07\xaf\x0e\xd9\x18K\xcex\x1a\x02\xd7\xc2\xa3x\xd2?\x9d\xf5B\xbcD\x08-D\xc6\xa4\x0b\xd7\xf5\xfd\x7f\t!\x07\xe9\\\x00/\xc4\x10t'
b"\xa4o3{\xbf\xd2\xd5\xee\x05\xc6\xb31\xd9\xbf\xab,\xda\x9b\xe1<}\x00\x06\xab'\x17\xc4V\xa8\xb2\x89s,\x12p\xbd/C2H\x97n'\xa9RA\x869\xf8\xcd\x14<\x9d\xcd%\x07J%\xc2T\x00\xba\xe2`%\xbf\xab\xbe\x86\x93\xc0\x9c\xaa\xfa\\\x16@\xf7\xbc\x97\x1b\xdb\xe0\x8e\x84A\xa5p\xfa\xe2$F\xbc\xf5"
b'\xa4o3{\xbf\xd2\xd5\xee\x05\xc6\xb31\xd9\xbf\xab,\xda\x9b\xe1<}\x00\x02\xaf\xc3p\xc4bf\xf4\xe1\xebc\xc0\x1a\xd2\x9b\x7f0\xdcX\xd0v\x03\xe4H\xdc\xeed\x10\xeb\x99\xd1\x82Q\x16\xd9x\x8c-\xd4\x93\xbc\xf9\x9b{V \xe2\xba\xf9%r\x7fb\xec~\xc4]\xdfn\xafL\xfca[\xa1\x93\x81T\xe6:\x08\x03'
b'\xa4o3{\xbf\xd2\xd5\xee\x05\xc6\xb31\xd9\xbf\xab,\xda\x9b\xe1<}\x0f\x06\xaf[e\xab\x04\x84\x80D*p\xe8q\x8d\rZ\xcc^Ck&b8\x01\xc9\xaf\x9d:g(F\x92\xa2\xactVZ<\xe9\xe2A\x02(\x12&\xc6\xf9b^\x977\x01<\xff`\xc7\xe4]\xd8?XcA\xb3.\x85\x1a)\x95\xc0[\x9d'
